{"charErrorRates": [0.11648498331479422, 0.11443826473859844, 0.11038932146829811, 0.11408231368186875, 0.11577308120133481, 0.11172413793103449, 0.11568409343715239, 0.1150166852057842, 0.11083426028921023, 0.11083426028921023, 0.11430478309232481, 0.11403781979977753, 0.1153726362625139, 0.11199110122358176, 0.1139043381535039, 0.11350389321468297, 0.11546162402669632, 0.11243604004449388], "wordAccuracies": [0.7183489420742283, 0.7247658688865765, 0.7291016302462713, 0.7252861602497399, 0.7212972597988206, 0.7304890738813735, 0.7200832466181062, 0.7186958029830038, 0.72840790842872, 0.7299687825182102, 0.722684703433923, 0.7232049947970863, 0.7197363857093305, 0.7318765175164759, 0.7256330211585155, 0.7232049947970863, 0.7200832466181062, 0.7245924384321887]}